﻿set character_set_client='utf8';
set character_set_connection='utf8';
set character_set_database='utf8';
set character_set_results='utf8';
set character_set_server='utf8';

USE `bss`;

INSERT INTO `box` (`boxId`, `name`, `width`, `length`, `height`) VALUES
(1, 'A', 14, 20, 6),
(2, '2B', 17, 25, 18),
(3, 'S+', 24, 37, 14),
(4, 'M', 27, 43, 20),
(5, 'M+', 35, 45, 25),
(6, 'L', 40, 50, 30);

INSERT INTO `logisticbox` (`logisticboxId`, `logisticId`, `boxId`, `price`, `weight`) VALUES
(1, 1, 1, 30, 1),
(2, 2, 1, 65, 5),
(3, 3, 1, 85, 5),
(4, 4, 1, 140, 15),
(5, 5, 1, 185, 15),
(6, 6, 1, 25, 1),
(7, 1, 2, 25, 1),
(8, 2, 2, 35, 3),
(9, 3, 2, 45, 5),
(10, 4, 2, 70, 7),
(11, 5, 2, 100, 10),
(12, 6, 2, 130, 13),
(13, 1, 3, 40, 25),
(14, 2, 3, 70, 25),
(15, 3, 3, 90, 25),
(16, 4, 3, 90, 25),
(17, 5, 3, 180, 25),
(18, 6, 3, 180, 25);

INSERT INTO `logisticinfo` (`logisticId`, `name`, `telephone`) VALUES
(1, 'Kerry Express', '1217'),
(2, 'Flash Express', '02-168-2111'),
(3, 'SCG Express', '02-239-8999'),
(4, 'J&T Express', '02-009-5678');

INSERT INTO `category` (`categoryId`, `categoryname`) VALUES
(1, 'หัวเข็มขัด'),
(2, 'ปีก'),
(3, 'ขีด'),
(4, 'เหรียญกีฬา'),
(5, 'ช้าง'),
(6, 'มงกุฎ'),
(7, 'หน้ารถ'),
(8, 'บั้ง'),
(9, 'หน้าหมวก'),
(10, 'กระดุม'),
(11, 'ติดบ่า,ติดปก'),
(12, 'สั่งทำ'),
(13, 'บ่า');

INSERT INTO `product` (`productId`, `categoryId`, `name`, `width`, `length`, `height`, `weight`, `frontView`, `topView`, `sideView`, `isArranged`) VALUES
	(1, 10, 'กระดุมเสื้อครุฑหญิง2สี P', 7.5, 8, 5, 108, 1, 1, 1, 1),
	(2, 10, 'กระดุมเสื้อครุฑหญิงทอง P', 6.5, 7, 5, 105, 1, 1, 1, 1),
	(3, 10, 'กระดุมเสื้อครุฑหญิงทอง NP', 8, 11.5, 3, 251, 1, 1, 1, 1),
	(4, 10, 'กระดุมหมวกการรถไฟ', 8, 11, 3, 165, 1, 1, 1, 1),
	(5, 10, 'กระดุมหมวกเกลี้ยงทอง', 8.5, 13, 3.5, 267, 1, 1, 1, 1),
	(6, 10, 'กระดุมหมวกครุฑทอง', 13, 9, 2.5, 273, 1, 1, 1, 1),
	(7, 10, 'กระดุม ทบ size s แพค 5 เม็ด', 6, 7.5, 5.5, 101, 1, 0, 0, 1),
	(8, 10, 'กระดุม ทบ size s แพค 7 เม็ด', 9, 9, 4.5, 217, 1, 0, 0, 1),
	(9, 10, 'กระดุม ทบ size m แพค 5 เม็ด', 8, 9, 5.5, 166, 1, 0, 0, 1),
	(10, 10, 'กระดุม ทบ size m แพค 7 เม็ด', 8, 9, 5.5, 234, 1, 0, 0, 1),
	(11, 2, 'ปีกร่ม ตร.ชั้น 2', 11.5, 21, 6.5, 292, 1, 0, 1, 1),
	(12, 2, 'ปีกร่ม ทบ.ลายขนนกเก่า ชั้น 1', 11, 16, 8, 298, 1, 1, 1, 1),
	(13, 2, 'ปีกโดดหอ ทอ.มีตัวหนังสือตรงกลาง', 9.5, 11, 3.5, 54, 1, 1, 1, 1),
	(14, 2, 'ปีกเหินเวหาใหญ่', 8.5, 12, 4, 72, 1, 1, 1, 1),
	(15, 2, 'ปีกอเมริกัน ชั้น 2 ดำ', 6.5, 16.5, 2, 106, 1, 1, 1, 1),
	(16, 2, 'ปีกโดดหอ ทบ ค่ายเอราวัณ', 11, 14, 8, 167, 1, 1, 1, 1),
	(17, 3, 'สายรัดคางทองเส้น', 26, 22, 6, 57, 1, 1, 1, 1),
	(18, 3, 'ขีดสั้น', 7.5, 9, 2.5, 57, 1, 1, 1, 1),
	(19, 3, 'มงกุฎ2ทม', 9, 6, 0.5, 50, 1, 1, 1, 1),
	(20, 1, 'หัวเข็มขัด ทบ.หูหนาขัดเงา', 13, 14, 3.5, 484, 1, 0, 0, 1),
	(21, 1, 'หัวเข็มขัด ทบ หูหนา ขัดสี', 13, 13.5, 4.5, 455, 1, 0, 0, 1),
	(22, 1, 'หัวเข็มขัดสิงห์ใหญ่ 2 สี', 13, 13.5, 4.5, 455, 1, 0, 0, 1),
	(23, 11, 'กนกคอ รปภ.ขัดเงา', 9, 14, 11, 395, 1, 1, 1, 1),
	(24, 11, 'สิงห์ติดปกเสื้อ เลื่อยเคลือบ', 5.5, 7.5, 4.5, 83, 1, 1, 1, 1),
	(25, 11, 'หน้ารถนายร้อย ตร.เล็กทองแบบเก่า', 8.5, 8.5, 8, 77, 1, 1, 1, 0),
	(26, 11, 'หน้ารถนายร้อย ตร.ใหญ่โครเมี่ยมแบบใหม่', 7, 11, 10, 108, 1, 1, 1, 0),
	(27, 4, 'เหรียญกีฬาทั่วไปใหญ่', 6.5, 9.5, 8, 459, 1, 1, 1, 1),
	(28, 4, 'เหรียญกีฬาทั่วไปเล็ก (ทอง)', 13.5, 16, 5, 755, 1, 1, 1, 1),
	(29, 4, 'เสมา (ติดแถบ)', 6, 8, 0.5, 42, 1, 1, 1, 1);

INSERT INTO `orders` (`ordersId`, `ordersNumber`, `customerName`, `customerAddress`, `date`,`status`) VALUES
(1, 'SO5506296', 'โทนิวุฒิ รพีพิศาล', 'บ้านเลขที่9 ซอยเพชรเกษม บางแค กทม 10160', '2020-02-01','NEW'),
(2, 'SO5506297', 'ธนานัน จันทิมา', 'ตลิ่งชัน 10100', '2020-02-01','NEW'),
(3, 'SO6100001', 'พัชรีภัณฑ์', 'เลขที่ 14/1 ถนนตีทอง แขวงวัดราชบพิธ เขตพระนคร กรุงเทพมหานคร 10200', '2019-05-02','NEW'),
(4, 'SO6100002', 'แก้วโลหะประดิษฐ์', 'เลขที่ 254-254/1 ถนนตีทอง แขวงวัดราชบพิธ เขตพระนคร กรุงเทพมหานคร 10200', '2019-05-03','NEW'),
(5, 'SO6100003', 'วิจิตรพานิช', 'เลขที่ 14 ถนนตีทอง แขวงวัดราชบพิธ เขตพระนคร กรุงเทพมหานคร 10200', '2019-05-04','NEW'),
(6, 'SO6100004', 'ป.วัสดุภัณฑ์ แอนด์ เทคโนโลยี', '143/2 ถนนวัชรสฤษดิ์ ต.ในเมือง อ.เมืองนครราชสีมา จ.นครราชสีมา 30000', '2019-06-01','NEW'),
(7, 'SO6100005', 'ร้านเอกบุณยรัตน์', '77 ถนนศรีตรัง ตำบลกระบี่ใหญ่ อำเภอเมือง จังหวัดกระบี่ 81000', '2019-06-01','NEW'),
(8, 'SO6100006', 'ธนพล จิระ', 'จุฬา ซอย 2 ', '2020-02-06','NEW');

INSERT INTO `ordersdetail` (`ordersdetailId`, `productId`, `ordersId`, `qty`) VALUES
(1, 2, 1, 3),
(2, 3, 1, 2),
(3, 28, 1, 4),
(4, 1, 1, 4),
(5, 14, 1, 2),
(6, 27, 2, 2),
(7, 22, 2, 3),
(8, 12, 2, 3),
(9, 5, 2, 4),
(10,13, 2, 5),
(11,14, 2, 4),
(12,19, 1, 100),
(13,20, 1, 2),
(14,22, 1, 1),
(15,24, 1, 10),
(16,25, 1, 2),
(17,26, 1, 4),
(18,20, 2, 10),
(19,14, 3, 20),
(20,1, 4, 50),
(21,2, 4, 20),
(22,13, 4, 40),
(23,25, 5, 20),
(24,20, 5, 3),
(25,8, 5, 30),
(26,19, 5, 500),
(27,28, 8, 4),
(29,1, 8, 8),
(30,14, 8, 2),
(31,29, 8, 4);


INSERT INTO `master` (`id`,`key`,`value`) VALUES
(1,'companyname','พรศิลป์'),
(2,'companyaddress' , '87 หมู่ 7 ซอยเพชรเกษม 40 แขวงบางจาก เขตภาษีเจริญ กรุงเทพฯ'),
(3,'companyzipcode','10160'),
(4,'companyphone' ,'02-869-5920') ;

INSERT INTO `user` (`userId`,`username`,`password`) VALUES
(1,'admin','1234'),
(2,'tony' ,'123456') ;